{
  "project_info": {
    "project_number": "297661736657",
    "project_id": "educad-6b829",
    "storage_bucket": "educad-6b829.firebasestorage.app"
  },
  "client": [
    {
      "client_info": {
        "mobilesdk_app_id": "1:297661736657:android:9b7f7dbfa27477152a47f0",
        "android_client_info": {
          "package_name": "com.thimathi.manahara.eduapp"
        }
      },
      "oauth_client": [],
      "api_key": [
        {
          "current_key": "AIzaSyDI9QFF3feEqCtDlNgqeTgFcCMm9YQ6Wq4"
        }
      ],
      "services": {
        "appinvite_service": {
          "other_platform_oauth_client": []
        }
      }
    }
  ],
  "configuration_version": "1"
}