{
  "project_info": {
    "project_number": "465575859875",
    "project_id": "madproject-f53ff",
    "storage_bucket": "madproject-f53ff.firebasestorage.app"
  },
  "client": [
    {
      "client_info": {
        "mobilesdk_app_id": "1:465575859875:android:7e2251280127d4174b5116",
        "android_client_info": {
          "package_name": "com.thimathi.neseducad"
        }
      },
      "oauth_client": [],
      "api_key": [
        {
          "current_key": "AIzaSyDYio276lSdT253xNluA1yXG_hyk49bIVU"
        }
      ],
      "services": {
        "appinvite_service": {
          "other_platform_oauth_client": []
        }
      }
    }
  ],
  "configuration_version": "1"
}